image_name,true_overall_quality,predicted_overall_quality,true_brightness_quality,predicted_brightness_quality,true_colorfulness_quality,predicted_colorfulness_quality,true_contrast_quality,predicted_contrast_quality,true_noise_quality,predicted_noise_quality,true_sharpness_quality,predicted_sharpness_quality,overall_error
03280.jpg,15.41,14.236636,18.27,30.423843,26.67,34.346844,21.5,29.00139,24.56,25.552216,10.75,8.434177,1.1733637
04131.jpg,73.57,57.083607,70.71,61.14688,70.29,64.04633,75.86,61.46769,67.29,58.677006,73.71,55.722534,16.486393
06680.jpg,34.43,34.623795,45.43,51.88516,37.14,54.678696,40.57,50.998627,28.43,40.1563,17.0,24.806982,0.19379425
08880.jpg,86.0,62.630375,84.67,61.720688,86.33,65.150406,85.0,62.988426,86.78,65.06771,85.33,67.39836,23.369625
09996.jpg,34.71,49.36407,51.57,57.726044,46.0,62.62638,43.0,57.325108,25.0,50.591606,21.14,42.32539,14.654072
00997.jpg,78.5,69.056885,72.9,64.70988,82.78,69.65226,72.1,66.381134,74.8,65.74909,77.9,67.34011,9.443115
07810.jpg,70.67,67.624405,66.0,67.29836,68.67,70.56165,68.33,67.725525,66.5,65.27541,72.67,67.95322,3.0455933
05078.jpg,79.5,79.155716,78.18,71.13404,79.92,74.45676,84.45,72.954025,76.08,73.88063,76.85,84.49128,0.34428406
10422.jpg,74.2,83.230705,71.33,80.727974,73.6,83.332466,75.5,79.87013,70.67,80.754776,78.75,87.07197,9.030708
00538.jpg,24.15,16.228764,50.690002,46.25751,45.62,42.608894,44.54,39.013012,46.15,29.632881,13.249999,7.7328944,7.921236
08672.jpg,36.25,31.550106,54.25,46.061115,55.25,48.613422,46.0,44.28125,27.75,38.28104,27.75,22.636627,4.699894
02135.jpg,52.07,71.581635,52.789997,64.45517,54.53,68.6704,52.639996,65.78955,41.0,65.508286,58.569996,75.14187,19.511635
00822.jpg,57.0,63.60924,48.0,54.941727,57.29,60.93933,47.71,60.449642,60.29,64.34688,59.860004,66.41261,6.6092415
09586.jpg,31.5,28.696218,31.630001,40.14385,40.88,43.366302,31.630001,40.490925,17.13,34.349365,25.25,24.639133,2.8037815
06024.jpg,71.33,74.6435,74.33,74.27128,70.22,76.11606,72.11,74.094215,70.25,74.573555,71.67,73.66337,3.3134995
07021.jpg,76.5,71.71695,69.88,68.05675,85.43,72.0455,83.29,70.545616,80.13,73.32013,76.63,74.385475,4.7830505
05300.jpg,72.25,74.999626,74.75,73.78286,73.63,78.158134,75.5,75.223465,68.86,74.79663,73.75,78.04031,2.7496262
05276.jpg,28.43,46.294937,20.57,42.1941,25.29,47.02258,29.14,47.410236,57.14,47.055878,41.57,47.152622,17.864937
09949.jpg,43.14,58.159416,21.14,48.539692,23.43,57.035255,14.86,53.13318,41.29,57.96283,34.71,61.46166,15.019417
07144.jpg,49.71,40.57588,68.71,63.511784,69.14,62.779434,61.14,58.50486,62.29,47.996662,45.86,29.356146,9.134121
09104.jpg,76.0,77.54128,77.6,77.46652,81.2,78.60484,75.0,77.467285,75.4,74.06916,67.0,76.23976,1.5412827
04788.jpg,34.5,21.247618,55.089996,48.953583,62.269997,49.059498,53.73,43.893044,48.36,32.18879,21.73,11.704934,13.252382
06110.jpg,46.14,42.13009,74.14,58.348186,64.43,55.75949,65.71,52.969933,59.430004,48.0455,28.170002,35.329327,4.0099106
05323.jpg,57.78,65.37849,36.75,58.789433,53.110004,60.910046,54.56,62.010098,61.33,63.458294,54.33,66.701515,7.598488
08400.jpg,23.25,13.228257,38.5,37.745876,48.25,42.60063,40.25,35.042408,37.0,26.505318,17.25,6.27458,10.021743
02160.jpg,69.0,66.83542,61.29,66.085754,67.79,72.05878,72.5,68.30126,65.93,66.72312,71.15,65.86793,2.1645813
08215.jpg,14.5,28.497755,51.75,51.47143,54.75,52.672726,51.25,47.360195,34.75,41.441452,9.25,16.544083,13.997755
02431.jpg,15.14,23.511951,42.63,45.944084,41.75,47.738953,35.75,41.97406,25.88,33.691746,14.749999,14.2662525,8.371951
10452.jpg,24.5,42.80595,58.829998,62.663967,51.33,63.518017,49.5,57.36548,18.5,48.734787,10.25,31.673723,18.30595
09681.jpg,17.25,18.414972,14.5,30.774971,24.25,36.668976,18.5,32.71632,18.5,26.721928,22.25,12.177057,1.1649723
06897.jpg,82.25,73.43338,80.25,74.31215,80.25,74.18316,74.75,72.768295,82.25,71.26603,83.0,75.01423,8.81662
10906.jpg,75.43,64.06635,56.43,62.921368,79.29,63.95568,73.14,63.760925,81.17,63.31045,83.86,64.97479,11.363647
10365.jpg,29.0,21.814604,53.330006,46.543087,58.499996,50.56969,60.000004,42.876804,59.669994,32.928608,21.67,10.692457,7.185396
06724.jpg,42.17,50.22235,56.5,44.908627,54.5,51.113586,55.83,50.969345,47.0,52.142437,42.0,54.390327,8.052353
02142.jpg,49.38,46.661446,38.5,49.137127,41.5,52.15844,50.21,50.9966,63.0,53.807076,65.85,50.437824,2.7185555
00497.jpg,67.38,48.830692,52.69,46.204662,66.23,54.90746,64.75,53.003723,70.85,56.45739,67.0,54.239906,18.549305
00841.jpg,28.27,25.05729,70.14,48.082603,66.21,50.74906,59.290005,45.148453,48.93,38.88887,17.86,16.66529,3.2127113
06248.jpg,74.67,65.57672,67.67,63.41377,65.33,70.15834,72.0,64.79125,54.000004,65.37739,61.67,68.675224,9.093277
04948.jpg,39.5,33.378525,68.22,54.18229,70.89,56.17746,71.22,50.173153,44.5,40.48378,32.8,23.02077,6.121475
01246.jpg,75.11,68.802414,73.89,68.7475,84.5,72.080055,81.78,69.11254,85.75,68.5762,79.22,68.282684,6.3075867
01988.jpg,71.0,87.92647,67.44,74.697266,77.56,81.81392,69.78,79.90247,68.8,84.16073,69.22,90.45109,16.926468
06059.jpg,45.0,41.709446,55.129997,52.99366,57.38,57.631596,45.38,53.149807,56.67,47.10985,36.89,35.4276,3.290554
03139.jpg,61.5,51.901245,68.75,64.9642,67.88,69.222466,64.13,63.47509,52.38,52.468933,52.63,41.946827,9.598755
01605.jpg,32.53,29.502142,67.38,52.5923,63.36,51.41682,52.8,45.877968,46.8,42.15948,20.0,19.56204,3.0278568
09991.jpg,24.67,25.063261,57.0,50.175648,41.33,49.747284,48.5,45.724037,25.330002,34.38209,15.67,14.60544,0.39326096
03775.jpg,53.250004,50.40034,48.33,48.645493,54.420002,52.250988,49.82,51.341457,58.7,46.868816,53.670002,43.94636,2.8496628
00507.jpg,31.75,16.064363,20.0,30.47216,46.67,33.66265,34.08,27.909895,40.42,25.145473,22.17,11.2943945,15.6856365
06666.jpg,75.86,55.57329,77.14,59.41374,71.14,64.538025,69.57,58.84387,70.0,57.97773,75.57,55.450367,20.286709
10923.jpg,19.57,23.308382,67.86,51.133926,67.57,50.64248,73.33,45.00858,43.5,36.73956,15.000001,13.2939205,3.7383823
05905.jpg,36.5,37.082645,62.0,54.830074,58.999996,55.050964,60.3,50.845493,28.82,45.83576,22.73,29.866753,0.5826454
10737.jpg,44.57,53.86218,49.71,49.675922,60.000004,59.380024,57.29,55.593895,60.29,54.69384,45.86,53.051144,9.292179
07868.jpg,41.57,56.758327,49.0,66.06839,46.71,69.9887,42.43,66.45553,31.43,52.542126,36.14,46.735317,15.188328
04123.jpg,16.1,23.170065,46.18,50.528633,36.45,49.785915,40.09,44.673435,23.36,35.819374,14.200001,12.821388,7.0700645
01839.jpg,32.18,28.58468,59.330006,57.083637,68.92,59.199566,57.5,52.992226,37.0,36.568645,26.83,21.48524,3.5953197
07534.jpg,60.83,56.369053,68.33,62.028103,69.17,65.127464,64.17,62.571423,71.5,57.99087,58.499996,53.238846,4.460949
02348.jpg,67.1,73.62765,56.270004,64.52476,75.6,70.34124,71.7,69.298485,65.55,69.74871,66.0,75.61696,6.527649
03109.jpg,22.75,13.346003,33.13,28.969707,50.630005,35.474197,39.38,30.23153,43.25,20.57382,16.57,7.455398,9.403997
02358.jpg,23.9,20.446451,40.27,33.962605,48.0,41.501286,42.6,36.61489,27.36,29.62215,12.44,15.604756,3.4535484
07746.jpg,71.2,51.581173,71.6,47.173595,77.2,52.792747,75.0,52.609665,70.4,53.007774,76.6,50.8776,19.618824
09028.jpg,41.8,55.318443,50.4,56.63168,63.0,65.08829,53.400005,59.217827,49.4,55.507637,49.4,53.382706,13.518444
00318.jpg,40.0,43.759464,59.400005,54.998493,48.0,51.616436,47.3,52.224136,27.000002,41.444622,30.899998,33.7878,3.7594643
01498.jpg,67.11,67.623695,56.67,61.27975,73.25,67.33293,64.67,64.7201,72.0,66.12923,68.0,66.61422,0.51369476
07850.jpg,63.33,69.04012,65.83,73.55904,72.2,73.05855,67.0,72.958115,56.33,68.875694,55.5,66.053734,5.710121
09497.jpg,36.0,41.183655,64.88,56.210796,55.559998,60.80142,59.780003,55.930775,46.44,51.65823,26.56,35.473236,5.183655
05152.jpg,73.73,77.9426,72.45,73.69934,73.82,79.18618,74.36,75.68171,72.1,77.06312,73.27,79.065285,4.212593
10184.jpg,56.57,70.38044,56.33,60.433025,63.0,66.88277,59.710003,64.85954,58.709995,64.18679,46.43,70.968285,13.81044
04268.jpg,78.91,60.871006,72.91,72.646736,78.75,73.750374,75.64,70.35717,72.42,60.084076,77.92,59.65693,18.038998
06560.jpg,29.429998,35.914627,55.0,48.98358,55.0,52.62765,43.86,47.909473,27.57,41.474125,17.14,24.98218,6.4846287
01125.jpg,69.25,78.262695,72.38,71.26114,76.71,75.03917,74.86,73.21865,63.130005,75.5832,74.86,80.691376,9.012695
02931.jpg,63.29,63.52898,54.070004,65.94805,69.07,70.93308,66.57,66.89512,63.29,57.87428,61.21,59.750576,0.23897934
07131.jpg,23.25,50.162186,20.25,45.47367,24.75,54.617508,24.25,50.66582,58.749996,50.266804,41.0,50.37972,26.912186
10164.jpg,58.14,53.099678,54.67,51.843624,64.0,56.755917,62.71,53.80341,62.71,54.71108,49.43,47.221176,5.0403214
01457.jpg,16.09,14.234036,44.1,35.430866,34.36,36.570023,37.7,29.447937,20.64,22.889694,8.1,7.1434317,1.8559637
06915.jpg,26.750002,18.123896,41.75,47.283398,43.5,40.99847,31.25,36.742134,34.0,28.055822,16.25,10.8660755,8.626106
01300.jpg,73.5,69.931435,76.83,72.83057,78.82,73.526405,76.58,71.788315,74.0,68.537964,76.33,68.622055,3.5685654
04080.jpg,34.92,24.300594,53.38,46.5584,53.460003,46.60517,48.58,41.973312,28.079998,31.553974,28.670002,16.74699,10.619404
00611.jpg,67.11,67.84283,64.67,71.87398,72.22,75.974236,71.06,72.394165,60.44,64.66142,64.0,66.54675,0.73282623
01634.jpg,6.1,12.46741,10.22,23.265896,9.88,26.112478,12.5,20.176453,5.38,20.720352,0.67,8.911605,6.36741
02386.jpg,50.75,43.4217,59.169994,55.564922,56.08,57.617264,55.08,53.962452,57.33,46.406536,41.25,38.301125,7.3283005
06606.jpg,43.4,60.560917,61.199997,63.972126,69.2,70.27663,64.8,65.55203,59.2,63.048862,53.8,54.193424,17.160915
06251.jpg,71.0,77.55875,69.0,74.68045,67.0,77.79801,73.0,76.66556,66.0,72.51741,79.67,77.4691,6.5587463
05983.jpg,32.33,20.502773,68.33,40.45246,66.67,43.27753,62.67,39.15466,47.33,35.146297,21.67,13.964963,11.827229
05161.jpg,60.73,72.69812,59.09,61.292637,63.550003,65.212425,60.55,62.703293,59.3,72.142334,62.910004,77.07129,11.968121
05802.jpg,70.13,70.03992,77.57,68.41537,72.43,72.455,74.14,69.10461,73.57,66.45817,60.75,65.93406,0.09008026
04699.jpg,32.0,36.2809,47.63,42.995583,44.29,46.35687,40.38,40.82701,8.63,37.81897,28.880001,36.225002,4.280899
11047.jpg,33.83,40.343098,65.33,57.310528,62.5,60.369785,51.829998,53.91389,41.67,45.85122,31.830002,29.13447,6.513096
01801.jpg,72.33,78.54615,75.0,75.80277,76.92,79.89765,78.08,75.96727,80.58,75.22134,76.77,80.87917,6.2161484
09118.jpg,79.2,81.507645,83.6,78.06242,78.6,78.27264,79.6,76.898155,73.6,76.79085,80.4,82.93709,2.3076477
09096.jpg,68.0,57.413887,71.8,61.19674,73.6,65.998665,67.0,63.03978,64.8,58.10566,58.2,54.255383,10.586113
09243.jpg,35.29,47.37791,53.290005,58.021545,46.14,60.214405,46.71,57.152145,42.71,49.104626,30.43,37.868187,12.08791
08971.jpg,81.75,76.05374,76.38,71.03355,72.0,75.18362,76.25,73.129944,82.13,74.74209,82.63,78.05368,5.6962585
00567.jpg,47.55,68.075096,54.29,60.23727,60.62,64.94029,53.91,63.417065,34.1,62.911682,43.22,73.596176,20.525097
09180.jpg,38.6,41.25402,55.199997,48.313427,55.799995,53.1225,47.2,49.09073,49.5,42.562393,27.8,35.934402,2.6540222
00295.jpg,73.89,72.20504,71.3,66.69728,70.33,71.15047,72.1,68.61102,69.67,70.28663,76.8,71.51505,1.6849594
00889.jpg,23.69,23.518028,46.23,51.088917,46.62,49.7243,35.23,43.33043,35.46,33.451263,11.25,12.460165,0.17197227
08181.jpg,48.0,45.88192,65.6,52.924187,67.0,54.134888,64.8,51.217133,44.6,44.687603,45.2,43.13413,2.1180801
05608.jpg,36.57,47.497456,39.75,57.000977,52.749996,59.462036,42.44,54.211628,45.25,49.125618,25.67,41.74384,10.927456
02915.jpg,76.19,73.67574,79.24,70.306625,76.82,72.63144,76.12,70.27369,74.18,69.30526,73.12,75.02587,2.5142593
00323.jpg,17.45,30.541965,40.45,47.285423,29.799997,54.162766,33.0,49.536983,15.82,38.469723,11.09,24.242626,13.091965
00710.jpg,73.88,68.877304,67.07,60.00805,67.69,64.33785,68.81,63.72161,65.19,71.07823,68.35,75.63913,5.002693
00748.jpg,37.29,27.880373,56.200005,51.007736,58.63,53.76408,57.060005,48.153725,37.24,37.062664,21.69,19.627466,9.409628
03762.jpg,10.92,13.929126,27.91,32.617764,31.25,34.42105,29.549997,28.586054,27.18,25.638237,8.83,8.471713,3.0091257
07703.jpg,57.0,57.30983,44.4,62.788994,48.2,69.043724,57.6,64.34667,58.399998,61.714138,60.000004,61.612656,0.3098297
05685.jpg,47.14,50.615215,61.29,61.87888,52.859997,65.1179,63.0,60.06438,51.86,55.807632,30.140001,44.931824,3.475216
07182.jpg,70.83,66.70596,70.0,62.360348,78.17,68.35193,69.83,63.204468,71.67,66.15961,71.5,69.05214,4.1240387
06073.jpg,41.0,42.49108,58.63,56.21823,54.56,60.801548,53.56,55.767925,42.11,50.625164,38.78,35.30513,1.4910812
03137.jpg,57.38,45.492153,40.11,41.440388,57.75,50.407677,56.25,49.209343,40.56,50.657368,55.11,53.050762,11.887848
03865.jpg,75.08,53.947968,73.62,57.429607,57.77,62.811512,67.31,59.912365,70.17,56.44505,77.62,45.098217,21.132034
04487.jpg,78.83,67.778435,77.14,69.36378,81.0,71.38683,82.67,69.36723,73.0,65.28737,70.86,65.248245,11.051567
10018.jpg,77.08,87.51618,73.69,81.948326,77.38,84.24251,78.92,83.01401,78.75,86.99143,83.45,90.105804,10.43618
09211.jpg,39.6,59.367783,53.3,64.535034,60.000004,67.19738,49.8,64.136314,45.1,63.73257,37.2,54.965836,19.767784
08537.jpg,66.75,58.64708,75.86,56.157803,78.29,59.526527,75.0,57.370907,65.63,58.389652,64.63,59.692936,8.102921
05752.jpg,34.38,26.797094,41.86,28.765917,57.71,37.33144,55.29,34.42735,46.14,33.493786,22.25,23.16497,7.5829067
07511.jpg,23.83,19.112158,23.17,21.520468,34.83,30.010551,33.67,26.658154,50.83,25.636143,20.83,16.33261,4.717842
05127.jpg,71.78,76.27293,58.2,74.754105,70.2,73.57856,73.7,73.49409,76.33,73.56345,74.9,78.506744,4.4929276
07166.jpg,56.200005,49.70812,63.0,50.53529,74.2,58.533623,71.0,52.13608,72.6,50.90441,65.0,50.654804,6.491886
03376.jpg,36.78,51.08383,49.89,55.076523,55.5,58.113033,41.9,55.76901,33.0,51.55037,24.7,47.634647,14.303833
01472.jpg,50.560005,58.960377,61.3,63.006466,58.899998,65.12557,56.200005,61.87678,56.560005,57.95769,42.4,54.893364,8.400372
03804.jpg,25.86,19.84236,44.43,43.424572,35.0,42.99912,33.29,38.877884,38.0,30.50197,13.0,9.001717,6.017641
03951.jpg,42.31,38.562553,52.31,54.92185,50.620003,57.16879,52.999996,51.478924,43.62,47.418575,39.85,31.116426,3.747448
08379.jpg,51.8,37.933353,48.4,45.67406,59.599995,53.809612,53.600002,45.793797,49.4,43.574326,66.6,34.028442,13.866646
02361.jpg,35.0,37.219353,48.09,52.742832,53.099995,58.27822,55.199997,53.433533,27.27,36.31572,27.2,26.012308,2.2193527
03131.jpg,66.25,50.64014,70.25,57.406662,71.88,60.397327,71.5,57.395054,60.75,53.023838,60.250004,49.08002,15.609859
07009.jpg,37.29,51.10308,47.13,53.71785,55.879997,55.155468,47.57,53.634663,37.38,53.149723,38.75,48.237236,13.81308
03843.jpg,47.14,47.74161,30.57,50.592087,39.86,58.10666,48.0,52.192123,37.86,53.770203,39.0,47.373848,0.6016121
05564.jpg,65.6,62.474705,63.6,63.76013,63.800003,68.11795,62.199997,66.072754,65.2,63.917194,66.8,64.70667,3.1252937
09329.jpg,20.0,14.127912,31.89,34.500305,36.44,36.53384,28.440002,29.28444,31.330002,21.994951,16.33,9.653168,5.8720884
01535.jpg,46.44,75.28285,41.25,67.80386,55.559998,72.09453,51.33,69.76384,43.11,71.35019,44.78,78.49629,28.842854
03000.jpg,73.6,76.64177,66.82,77.130135,76.0,76.92037,62.0,76.21134,70.82,76.48418,64.91,81.47362,3.041771
07649.jpg,59.169994,46.98919,32.17,46.90334,75.17,55.615215,67.5,50.394886,46.17,47.02552,66.5,44.549377,12.180805
06704.jpg,53.670002,55.307007,58.0,59.895527,47.5,67.01509,47.67,61.16193,41.33,59.588127,40.0,53.56507,1.6370049
02091.jpg,53.750004,55.153934,45.13,52.93556,59.38,56.322556,51.38,55.23497,61.25,54.200024,62.0,54.517525,1.4039307
06999.jpg,74.64,69.215324,77.67,67.51634,73.83,71.24101,72.58,68.198875,82.36,65.97749,71.64,71.20257,5.424675
03673.jpg,69.5,70.685974,63.85,71.2995,73.08,76.983505,67.15,74.9016,67.46,70.55616,67.69,72.09439,1.1859741
01640.jpg,25.2,15.69431,56.299995,51.230164,62.33,54.913116,59.599995,46.69809,39.56,35.070934,10.33,7.2190785,9.505691
07896.jpg,37.83,46.947666,34.33,42.904755,45.33,56.621136,42.67,51.063824,33.83,43.208576,34.33,39.228897,9.117664
00234.jpg,74.85,71.7924,73.17,63.68353,74.08,71.90597,74.38,68.30683,61.14,66.9314,69.36,76.3994,3.057602
03537.jpg,43.92,60.163624,19.17,44.44744,49.31,57.445793,49.15,53.343155,46.85,63.670628,54.000004,65.35979,16.243626
00163.jpg,80.56,65.54188,77.22,74.23964,83.11,76.81758,76.22,72.84427,75.22,64.69355,81.44,59.57396,15.01812
08970.jpg,79.14,73.95423,76.14,67.66209,75.71,70.71461,75.0,69.04628,74.57,73.26138,78.0,76.92422,5.185768
10968.jpg,29.860003,37.49674,19.71,45.94864,43.67,49.51049,39.0,48.0834,52.709995,47.427048,42.29,31.262566,7.636736
05111.jpg,41.2,36.26479,63.4,61.278023,73.2,63.631393,64.22,56.663452,50.89,45.356907,26.1,23.940031,4.935211
04786.jpg,43.22,51.061283,48.4,67.235405,61.6,68.30655,50.6,62.327797,58.2,56.849373,37.3,42.209892,7.841282
04372.jpg,38.64,36.179417,60.64,57.35726,54.57,57.70552,47.08,53.175842,41.36,43.782295,27.93,21.984886,2.4605827
09425.jpg,71.67,72.14267,67.5,64.045815,69.33,68.43216,65.0,67.83754,62.17,67.87419,72.67,74.96531,0.4726715
10187.jpg,79.14,78.444275,66.0,76.43444,83.4,79.9385,77.71,77.30523,74.43,73.76536,79.0,79.325356,0.6957245
09092.jpg,67.6,53.9069,65.0,55.88983,69.4,66.297844,68.0,59.70261,79.6,53.12622,67.2,48.888264,13.6931
03847.jpg,58.999996,67.74747,58.0,60.66621,61.17,66.37538,61.5,63.884914,47.5,58.67551,59.830006,67.259285,8.747471
00898.jpg,65.15,78.43424,67.85,75.58164,69.08,81.25024,68.23,77.363075,61.769997,75.41167,61.23,79.39092,13.284241
10136.jpg,54.13,52.517956,66.88,56.054043,64.63,60.34703,63.75,54.496212,38.5,46.46576,50.57,49.292156,1.6120453
02575.jpg,54.45,47.36642,45.45,54.806274,61.0,60.942852,56.0,56.68928,58.0,49.19941,49.36,38.37999,7.08358
01714.jpg,65.7,83.7485,73.67,79.31637,68.5,83.42489,74.2,80.229004,73.56,79.31242,64.9,87.55611,18.0485
04434.jpg,65.54,75.024216,64.17,68.26787,67.5,68.58579,65.85,69.34093,70.83,74.882545,73.27,78.13036,9.484215
00220.jpg,14.64,24.823772,43.64,37.23833,33.82,44.324722,30.000002,40.100616,32.67,32.887085,7.1800003,18.17376,10.183772
04361.jpg,35.06,20.432425,56.130005,44.507343,52.73,48.06032,55.14,40.456165,37.33,32.755096,22.4,11.491727,14.627577
08635.jpg,56.4,64.14733,54.6,60.26519,67.6,70.51014,58.8,65.87368,60.000004,64.74384,66.0,65.08916,7.7473297
02281.jpg,26.44,34.8277,60.33,52.700752,65.67,55.10524,61.129997,50.38963,29.33,42.075096,17.33,24.11869,8.387701
01594.jpg,21.08,13.475654,47.69,31.017612,45.07,36.192978,40.0,28.271843,42.5,20.509691,23.77,6.71748,7.6043463
00549.jpg,61.449997,64.14143,73.45,67.18031,70.91,68.96669,76.1,64.7335,62.36,62.369263,52.27,63.31132,2.6914368
05694.jpg,53.430004,60.786674,65.43,63.52485,61.43,66.80616,59.139996,62.61056,65.14,57.68902,50.71,62.14618,7.3566704
01699.jpg,47.11,56.738083,48.44,59.38457,57.11,62.670666,49.44,57.804935,36.43,50.302803,48.44,52.32737,9.628082
10285.jpg,27.879997,31.887127,48.0,55.595398,55.0,56.687515,51.38,50.355297,46.0,42.703926,17.38,19.305008,4.0071297
10338.jpg,49.0,57.696415,34.71,50.61887,59.290005,61.9637,48.86,57.255894,48.71,56.882114,45.14,60.66773,8.696415
10828.jpg,30.57,31.234764,37.0,47.730385,42.17,46.706215,35.71,43.478176,21.14,34.67727,22.0,22.920952,0.6647644
10251.jpg,23.5,25.24882,38.75,35.896896,39.88,39.612312,38.88,34.857918,20.88,30.243176,23.43,23.232086,1.7488194
06021.jpg,19.1,17.146873,49.7,41.853607,44.0,46.06158,41.2,40.204056,45.3,30.66651,14.300001,10.928755,1.9531269
00797.jpg,17.86,32.093536,12.29,36.567844,34.29,39.935257,20.86,37.205032,31.0,36.625225,11.57,29.526546,14.233536
03408.jpg,25.67,41.93151,25.0,35.881,23.0,45.184406,33.09,43.6388,59.2,48.5867,36.8,45.60375,16.26151
03133.jpg,20.75,28.328997,15.5,33.319202,40.75,41.472157,33.88,34.1803,36.5,37.163387,24.25,28.029203,7.5789967
05198.jpg,82.71,68.61278,80.29,70.78791,82.0,72.20013,81.71,69.22715,79.86,66.55724,82.0,69.3054,14.097221
05076.jpg,71.91,82.83014,72.2,76.87646,77.1,78.81993,75.3,77.174675,76.09,78.750786,72.73,85.523575,10.9201355
07983.jpg,68.33,60.088043,73.33,61.13681,71.17,66.52947,65.33,63.059868,71.5,59.359318,69.17,58.888477,8.241959
03918.jpg,30.17,28.093863,40.92,25.731352,47.23,33.12384,48.38,33.39221,18.5,32.34079,32.38,27.107155,2.0761375
05596.jpg,37.8,56.212772,37.0,46.01738,38.4,51.63393,44.6,50.305332,32.8,61.410534,40.2,61.117584,18.412773
01316.jpg,24.69,39.438404,33.0,38.10939,38.23,46.65285,35.36,44.09132,35.64,45.72624,23.62,38.220116,14.748404
00604.jpg,65.28,52.23971,63.39,54.560028,65.11,58.2373,66.32,54.93341,67.44,52.369236,58.94,52.48282,13.040287
03498.jpg,30.090002,54.83125,49.18,59.79088,51.1,59.793766,48.2,58.429253,51.4,55.291527,22.1,50.18442,24.741247
05197.jpg,77.6,58.083916,73.8,60.84025,79.2,66.844246,80.0,63.03766,73.0,62.624325,79.0,58.164616,19.516083
05829.jpg,48.67,63.829674,48.67,64.59165,48.33,68.438385,42.33,67.674706,39.83,61.39926,48.67,63.700665,15.159676
10186.jpg,83.71,85.40941,77.5,77.8213,82.5,84.259514,78.57,81.27992,77.43,80.999596,85.0,87.161804,1.6994095
01105.jpg,75.67,54.176468,68.75,49.65025,70.31,59.01911,72.08,53.878784,73.33,61.109776,70.42,53.76854,21.49353
06238.jpg,44.0,57.86494,66.0,70.20042,62.67,71.509575,69.67,68.35787,63.33,58.97146,43.67,56.599445,13.864941
00764.jpg,65.33,65.86444,72.07,58.79098,73.8,66.23136,69.07,62.964066,66.73,63.912064,70.47,66.91654,0.5344391
08064.jpg,71.38,60.073036,66.75,53.836845,73.38,60.20465,70.5,58.454205,73.88,58.521843,76.5,62.96404,11.306961
02442.jpg,34.0,29.294067,49.0,52.776653,47.63,53.519432,46.75,49.824345,34.13,37.1812,26.289999,18.420145,4.7059326
00218.jpg,48.0,52.251236,45.45,58.247715,65.83,60.625057,48.25,57.141895,65.64,56.966557,69.83,51.012962,4.251236
02301.jpg,53.500004,60.07928,57.6,54.341274,64.4,59.90593,61.44,58.124477,54.9,60.455112,70.44,65.541954,6.579277
03461.jpg,33.4,40.580444,56.57,60.613136,52.0,63.375397,49.86,58.071774,44.13,52.75244,20.5,34.127434,7.180443
00306.jpg,38.09,32.073914,44.18,37.942696,51.55,47.715534,53.45,39.169876,49.0,35.957924,25.8,27.985641,6.0160866
09311.jpg,64.75,75.54709,61.129997,74.14969,67.0,76.5669,57.88,73.1076,62.0,71.52954,66.29,78.98419,10.797089
07038.jpg,47.5,36.822723,47.25,52.999146,64.43,56.147766,57.71,51.87255,53.63,46.695107,43.63,25.028631,10.677277
02508.jpg,79.33,49.609497,80.45,58.526306,80.45,57.616478,76.25,57.401,78.75,49.51947,84.18,39.651062,29.720505
04663.jpg,49.38,45.493347,51.75,48.555153,52.88,53.878532,49.13,51.91516,46.38,47.444897,45.75,41.59971,3.886654
04231.jpg,77.0,69.14201,70.7,66.290054,77.08,70.98032,68.82,67.70201,75.67,65.69812,78.08,66.87207,7.8579865
02093.jpg,23.71,20.93652,20.38,20.996365,36.25,31.113676,27.63,26.273548,19.0,30.991095,11.5,21.646505,2.7734795
03008.jpg,72.25,47.779774,48.33,52.362377,71.75,59.08481,64.5,53.681286,63.78,53.516865,73.0,48.143055,24.470226
00014.jpg,5.83,13.955863,7.0,15.353455,13.430001,22.609959,10.0,19.648165,23.14,20.19991,9.57,11.567511,8.125863
04672.jpg,58.44,65.08643,49.11,59.29455,60.22,68.74192,55.559998,64.51061,73.0,60.644222,67.89,73.7356,6.646435
03064.jpg,22.33,13.749152,38.83,48.326546,48.5,44.603832,32.0,39.365326,36.5,27.443377,12.67,5.0969563,8.580848
01999.jpg,77.7,75.139084,73.56,80.00728,83.25,79.43999,75.88,78.26008,77.5,76.70537,71.89,72.85043,2.560913
08947.jpg,78.5,80.02372,75.83,70.530334,83.17,74.517975,82.83,73.21385,76.17,77.28074,68.5,83.68586,1.5237198
00267.jpg,67.15,73.19414,74.5,76.40776,68.31,77.38065,68.85,74.92958,67.85,74.30923,65.23,74.128845,6.044136
00478.jpg,78.5,77.219284,82.83,73.02128,84.0,74.574455,86.17,73.036415,77.5,72.23203,81.67,80.10206,1.280716
10525.jpg,80.17,76.62423,70.17,69.22696,80.17,69.62753,74.17,70.41676,80.17,76.1379,86.67,78.816376,3.5457687
00481.jpg,45.0,37.585102,47.29,46.746685,52.289997,57.090958,48.86,49.194504,55.29,43.371597,38.0,31.947908,7.414898
09438.jpg,64.13,60.481148,50.630005,65.5312,66.0,68.31131,62.880005,63.6418,61.629997,63.346237,60.5,54.91767,3.6488495
08440.jpg,83.25,69.66702,80.25,68.71168,81.0,73.40258,83.25,67.8811,80.25,70.72969,81.75,73.582,13.582977
00078.jpg,67.14,66.61963,66.43,64.47649,70.0,65.32229,72.0,66.55242,68.13,68.09105,66.25,67.43292,0.5203705
05722.jpg,28.71,36.730297,47.71,53.44541,52.429996,56.879883,40.57,53.400677,40.14,40.89563,15.860001,27.426928,8.020298
01129.jpg,47.78,57.576664,54.67,60.319008,59.88,62.694557,62.5,59.13567,23.56,56.753616,36.67,58.364624,9.796665
05934.jpg,77.45,84.1671,75.09,79.89731,78.45,82.4011,72.27,79.991646,71.17,79.48139,74.17,85.70773,6.717102
09339.jpg,32.57,14.281782,53.570004,47.0359,44.14,45.203228,39.71,38.410873,36.43,25.335785,17.43,6.903158,18.288218
06467.jpg,84.43,59.57013,87.0,64.37442,84.14,67.10766,80.29,64.21771,87.33,61.266254,81.71,58.334827,24.85987
06080.jpg,25.0,16.00111,50.89,39.98387,46.56,39.790585,46.22,33.963722,34.22,29.513422,20.44,9.303895,8.99889
05699.jpg,37.13,44.184223,49.63,57.359154,48.0,63.455627,46.25,57.1311,42.13,55.16185,21.0,37.63625,7.054222
08661.jpg,83.5,50.93552,89.25,66.682205,84.0,70.09276,87.75,66.21295,81.75,55.74045,78.75,41.571003,32.56448
07722.jpg,71.8,68.86163,59.2,70.0338,71.4,76.263374,64.6,72.90684,65.0,65.469124,67.2,64.56293,2.9383698
06481.jpg,38.29,35.000507,61.57,49.460304,77.17,52.06835,62.86,48.266357,50.0,44.09767,31.14,28.849754,3.2894936
03716.jpg,76.67,73.50012,73.79,68.15274,78.21,74.785355,76.21,70.91845,80.23,76.921295,74.43,75.78187,3.169876
07372.jpg,77.8,57.32631,76.6,49.488094,74.6,56.743958,78.6,55.74809,69.0,57.923233,73.2,59.62145,20.473694
10354.jpg,36.86,34.941273,65.29,61.827614,63.14,60.9613,59.290005,57.266445,46.0,38.236176,25.71,22.029316,1.9187279
03560.jpg,30.42,26.208237,55.0,57.58403,67.18,56.676327,57.5,51.142735,55.25,42.522095,15.36,14.481931,4.2117634
09066.jpg,60.600002,74.043564,64.2,78.331085,77.4,77.378334,69.8,76.736015,68.2,76.458176,60.600002,75.3359,13.443562
10928.jpg,63.14,67.406815,64.43,54.495193,59.860004,61.35948,72.0,59.034737,64.0,65.099045,62.57,70.74016,4.266815
01312.jpg,13.079999,11.737661,11.25,22.00719,18.1,27.472845,14.64,22.091959,35.33,19.178257,12.36,8.353483,1.3423376
01438.jpg,39.92,23.970444,64.0,45.619236,59.669994,51.368458,68.64,44.04124,48.83,37.50735,25.09,16.064484,15.949554
09620.jpg,78.11,57.556713,66.56,49.967697,73.33,56.090366,71.11,54.119904,77.78,54.11319,76.67,59.95987,20.553288
08723.jpg,32.0,28.34382,47.5,46.76656,44.14,47.497208,52.569996,42.031246,37.38,37.783627,19.88,21.30525,3.6561794
06819.jpg,15.000001,21.094366,36.33,36.904636,52.999996,40.234478,40.0,36.80618,12.67,31.858639,9.0,14.917527,6.094365
02773.jpg,41.22,51.833813,41.06,58.85191,45.06,60.45373,41.56,56.57022,36.28,53.420685,28.94,44.898136,10.6138115
02524.jpg,58.55,54.686295,42.82,60.32561,65.45,62.84752,58.73,58.72268,79.11,61.494003,69.91,53.313946,3.8637047
07180.jpg,41.0,60.968636,58.399998,68.20097,67.6,69.306114,65.2,66.43653,45.8,61.53531,48.4,50.50962,19.968636
01001.jpg,82.6,79.38188,79.4,76.59604,86.33,76.033714,80.4,76.43891,81.67,75.65682,82.9,83.57822,3.2181168
02010.jpg,61.699997,57.431896,47.22,59.31264,59.330006,64.91562,56.11,63.72349,75.78,64.13622,63.22,53.383583,4.2681007
06045.jpg,62.5,65.4648,67.78,70.94535,74.33,69.85211,58.6,67.88465,58.1,65.57831,51.5,64.079506,2.964798
09914.jpg,62.5,58.16369,68.25,60.189575,62.75,66.241745,60.000004,60.92618,66.25,64.854935,61.0,55.45491,4.3363113
05878.jpg,57.200005,61.4348,50.0,57.433926,57.0,63.089104,60.8,58.741825,69.2,59.31332,65.8,61.752903,4.2347946
10045.jpg,44.0,42.174927,33.92,33.628193,46.23,46.821327,43.0,43.201393,54.000004,46.15838,39.08,40.672348,1.8250732
10801.jpg,77.13,72.78301,75.0,70.971245,75.88,72.640015,74.0,70.32188,77.14,71.25681,72.88,72.945175,4.346985
11045.jpg,33.33,34.054955,62.67,57.34424,66.5,58.74157,55.17,52.38669,33.5,41.81234,21.17,22.860008,0.7249527
08359.jpg,87.4,79.446014,86.8,72.26541,87.4,74.76772,83.0,72.299446,83.8,76.909706,85.0,84.40649,7.953987
08290.jpg,32.56,66.58417,16.56,67.77752,59.780003,70.81323,45.56,70.39705,69.11,63.89691,51.8,69.37157,34.024166
04474.jpg,50.89,46.207886,47.44,52.945404,57.56,59.03551,54.11,51.4323,35.56,42.18818,51.22,43.774117,4.6821136
10817.jpg,27.71,23.523994,51.71,53.95655,50.14,55.70242,47.71,47.877056,30.71,34.404396,17.0,14.237692,4.1860046
08412.jpg,75.75,65.96518,77.75,63.00484,82.67,66.71593,85.0,63.58245,79.25,64.67554,70.75,69.65576,9.784821
10641.jpg,21.43,45.13308,41.0,61.935825,49.0,65.46379,39.5,59.248287,22.75,49.276726,14.290001,37.17927,23.70308
07891.jpg,69.63,87.36196,56.630005,81.50233,75.71,83.42356,62.75,82.27273,81.88,85.80829,75.38,90.53792,17.731964
10482.jpg,88.33,77.012856,85.0,71.51392,84.67,78.03517,84.33,74.92338,81.0,76.088646,85.0,79.40249,11.317146
06348.jpg,30.669998,25.988245,53.169994,54.881374,50.5,56.75084,54.5,47.659416,32.0,35.889805,21.17,13.357184,4.681753
04100.jpg,29.549997,14.092631,59.330006,33.23417,62.450005,41.77003,54.25,33.94312,41.92,24.306135,25.18,8.265662,15.457366
09210.jpg,30.779999,44.17377,54.11,66.629395,43.56,64.26676,35.38,60.421944,33.0,51.775764,12.630001,34.069195,13.393772
07133.jpg,57.75,68.20128,61.25,67.54431,61.25,76.47138,64.5,70.73341,48.75,68.31439,51.25,63.207794,10.451279
09900.jpg,34.6,40.33115,65.4,59.548615,61.4,62.563103,58.399998,55.18595,40.8,48.843117,24.8,31.568205,5.7311516
03083.jpg,82.78,67.441795,82.0,67.5481,82.33,68.546425,81.56,67.23878,82.33,68.08315,83.22,68.977066,15.338203
09770.jpg,69.0,72.18643,66.56,73.966286,71.6,73.26593,73.67,72.60738,75.5,67.429565,74.3,72.78605,3.186432
07485.jpg,32.89,35.368378,52.999996,47.007675,53.330006,50.161396,51.440002,45.12816,33.11,38.525536,26.67,26.873299,2.4783783
01874.jpg,27.899998,29.331118,53.600002,54.538834,65.2,55.691864,51.33,48.584682,28.78,38.673203,14.7,16.62033,1.4311199
05553.jpg,36.0,66.06937,35.14,68.981384,42.57,74.64204,38.71,70.36521,35.57,68.06441,37.0,71.25448,30.069366
02344.jpg,82.0,57.03875,76.0,66.29186,87.4,66.49669,80.2,65.56341,77.27,59.10543,75.1,52.485287,24.96125
07234.jpg,14.0,16.914433,22.5,43.187794,36.5,42.39248,23.0,37.174927,15.000001,26.823631,14.5,9.013342,2.9144325
04179.jpg,17.14,10.3870735,28.14,15.987613,36.43,24.31218,24.71,18.571655,31.29,14.428578,11.14,6.5910645,6.752926
11014.jpg,37.0,25.12036,70.86,53.336536,79.67,55.7923,67.29,48.48543,59.139996,35.54167,18.71,15.6506,11.879641
08631.jpg,57.200005,61.722248,43.0,54.60049,68.4,63.815777,57.200005,60.158783,68.2,59.48574,71.2,62.429832,4.5222435
01501.jpg,64.75,67.514275,67.0,61.379807,74.57,63.936966,69.5,62.91942,72.43,61.34826,72.0,69.24759,2.7642746
00513.jpg,49.73,48.664505,68.9,56.749744,64.36,62.967533,66.7,56.239094,52.179996,48.69204,28.5,41.441196,1.0654945
01681.jpg,77.89,73.38876,71.44,62.787556,77.25,70.54983,78.56,69.17194,73.88,68.58306,76.11,78.60471,4.501236
01690.jpg,20.38,8.9949465,33.44,25.357756,46.44,31.021214,43.33,23.68635,25.29,15.057003,14.749999,3.7210233,11.385053
04294.jpg,59.360004,52.176727,57.270004,55.75183,62.1,57.197075,54.64,54.887825,67.0,54.061054,65.1,51.477577,7.183277
07705.jpg,39.0,31.86146,44.4,41.862946,60.000004,50.64385,45.2,44.576286,42.8,38.524895,35.2,25.16213,7.1385403
05051.jpg,35.73,31.367249,49.7,44.241276,64.6,50.641476,52.2,44.19007,45.91,40.259247,21.09,21.795815,4.362751
01763.jpg,23.64,30.45811,55.43,56.778187,55.769997,52.67779,47.43,49.141033,33.07,36.175854,16.43,18.453236,6.8181114
09236.jpg,73.3,61.224174,73.0,66.67032,73.5,69.254265,72.0,65.97549,66.0,58.15824,72.1,56.890804,12.075829
00697.jpg,36.0,40.641308,23.88,45.386883,45.38,52.32813,32.88,46.49118,50.43,42.17861,27.13,36.985718,4.641308
08079.jpg,39.0,59.229626,53.500004,56.103725,54.13,61.122696,53.500004,59.27964,48.88,58.93734,27.71,52.59791,20.229626
05195.jpg,39.2,39.460243,56.0,56.89109,57.6,59.516525,60.600002,54.61362,29.799997,47.417755,28.8,35.95789,0.26024246
03728.jpg,54.77,69.64954,55.92,67.88914,55.229996,71.6868,58.079998,69.46878,50.42,70.798256,40.0,71.88202,14.879543
11040.jpg,71.67,57.413887,73.17,61.19674,84.0,65.998665,71.17,63.03978,75.17,58.10566,69.17,54.255383,14.256111
04564.jpg,76.42,80.98206,78.73,75.88453,78.45,78.28297,77.64,76.719475,74.73,77.39863,78.82,83.469734,4.562065
00414.jpg,59.249996,56.78119,47.75,57.108635,66.38,61.71768,52.59,57.812363,68.0,58.135044,64.13,58.851425,2.4688072
09887.jpg,50.0,39.18546,65.0,53.77049,69.0,56.744015,68.75,52.452026,52.749996,43.152496,35.25,27.359644,10.814541
08798.jpg,86.5,68.899826,80.25,74.129395,84.25,72.67866,71.25,69.332664,90.0,67.00955,91.5,67.15914,17.600174
07963.jpg,66.83,52.04063,74.0,60.19932,77.5,63.05529,77.33,58.746483,66.0,54.04696,76.0,46.19991,14.7893715
00931.jpg,78.0,80.499695,69.69,75.62995,79.27,80.613235,75.5,78.67784,74.92,76.5384,78.82,82.21829,2.4996948
00534.jpg,37.36,20.80891,38.73,49.085873,46.36,48.62642,43.27,44.16372,44.45,31.252342,27.2,10.700725,16.55109
06155.jpg,65.17,62.115635,79.67,65.44545,76.5,71.728645,80.5,66.30194,63.17,62.939167,54.83,61.797394,3.0543633
00370.jpg,75.75,66.06155,71.76,58.050877,77.38,62.730934,72.24,60.51778,74.53,69.35057,79.5,73.13498,9.688454
01092.jpg,26.17,12.888034,31.92,33.631794,35.75,35.691235,32.27,29.57211,32.92,22.16811,23.17,6.96073,13.281966
06336.jpg,44.67,56.498302,43.33,60.1564,55.0,64.73612,42.67,60.917908,34.83,57.057125,48.83,57.96656,11.828304
06076.jpg,54.44,55.40858,58.999996,50.51099,57.0,57.68389,58.0,53.278454,54.11,54.73231,52.0,59.254868,0.96858215
04561.jpg,86.0,87.29037,88.18,83.0478,84.82,86.23914,86.17,83.19925,80.82,84.04285,87.36,88.55892,1.2903671
00709.jpg,69.25,78.292206,68.67,75.96766,67.47,77.8265,63.130005,74.90309,57.690002,74.164406,68.88,79.83516,9.042206
09465.jpg,44.2,40.790863,61.89,55.48424,62.9,61.391586,51.899998,53.72429,43.1,46.4756,36.5,34.62415,3.4091377
01564.jpg,81.46,83.36303,79.31,78.7049,83.69,82.55374,80.23,80.98448,75.36,81.64723,79.31,86.55036,1.9030304
06940.jpg,75.9,74.44582,82.0,71.86377,87.0,75.23998,74.55,74.36666,84.8,75.44776,84.56,77.87861,1.4541779
01833.jpg,74.1,81.67321,77.1,77.948494,83.7,81.43658,80.2,78.453354,69.1,77.730896,77.89,82.31984,7.5732117
10502.jpg,24.83,28.281048,33.5,41.113724,37.33,45.486603,42.67,40.774555,34.5,43.20512,16.83,24.586592,3.451048
10901.jpg,21.71,16.641165,38.33,18.218084,21.57,26.962969,28.57,22.342625,23.83,23.180906,24.43,16.328043,5.0688343
00224.jpg,19.08,51.54582,43.36,54.981445,45.92,62.97676,38.25,60.378666,37.42,51.06073,8.82,48.24979,32.46582
09035.jpg,13.169999,16.983572,10.5,24.01084,16.17,31.3056,19.17,28.498558,8.33,24.097368,7.3299994,13.179024,3.813573
10947.jpg,24.83,30.543344,64.29,58.692818,71.29,57.95129,64.14,52.250416,58.829998,40.998795,17.43,16.47401,5.7133446
09206.jpg,56.33,44.9738,46.56,49.858685,57.56,56.47231,55.0,49.35824,59.44,53.479122,63.11,40.100567,11.356201
09813.jpg,22.75,28.93607,36.75,50.412987,48.25,52.95223,41.88,49.08666,27.63,35.293423,18.13,18.60647,6.1860695
06483.jpg,48.25,70.13961,55.379997,63.25193,63.75,71.451965,56.5,66.78449,35.38,66.03048,47.75,76.14858,21.88961
06991.jpg,30.4,31.48772,51.8,36.04684,61.549995,48.907017,57.82,40.77107,35.22,38.35965,19.5,23.967934,1.0877209
06124.jpg,16.86,27.538132,30.57,40.20285,52.569996,46.64343,42.14,41.32778,26.569998,31.83324,20.14,20.139336,10.678131
09828.jpg,11.25,32.260868,28.380001,54.2618,35.0,52.751247,31.379997,47.663727,20.75,41.93823,11.13,24.557226,21.010868
11019.jpg,47.71,34.88523,76.67,50.34133,77.0,54.255146,65.86,49.36201,51.86,40.799255,36.43,26.723116,12.824768
08577.jpg,31.75,33.792057,50.75,49.463367,51.0,55.042862,51.25,51.635605,45.75,37.942146,22.25,24.084726,2.042057
10725.jpg,29.14,29.422396,64.0,54.39061,58.0,54.925705,55.43,50.073433,42.86,33.0289,19.43,17.649477,0.28239632
06377.jpg,30.879997,18.139215,63.25,48.0915,60.13,46.506466,52.63,43.82821,32.38,30.569237,8.38,8.928639,12.740782
00625.jpg,53.38,43.518673,38.13,28.104559,57.47,41.46936,51.56,38.646587,57.200005,45.61816,47.88,47.86063,9.861328
10683.jpg,69.57,77.15757,49.71,72.672966,65.43,75.48854,67.67,73.39228,73.29,76.727745,81.0,79.40506,7.58757
00011.jpg,63.130005,73.55153,60.13,72.08388,64.13,71.84973,65.5,72.45745,74.57,72.461876,70.63,76.016495,10.421524
07652.jpg,39.43,49.821423,70.0,61.089695,75.5,65.04149,56.71,61.06346,62.14,54.156292,31.71,46.61806,10.391422
01696.jpg,49.75,63.217007,43.25,64.34642,68.75,67.77146,48.0,63.839508,68.71,60.804623,60.000004,61.61732,13.467007
09508.jpg,74.0,77.04,71.89,73.85095,73.67,76.81698,71.89,74.81263,70.56,73.50821,72.89,78.47387,3.040001
03278.jpg,48.12,36.7149,67.76,50.0538,63.82,54.54087,55.239998,50.885494,52.24,44.726685,32.56,28.64584,11.405098
10035.jpg,88.29,73.583725,88.43,76.07807,89.85,76.84226,87.92,75.943275,90.08,72.799,88.15,74.66067,14.706276
10854.jpg,80.0,76.71434,82.5,70.51481,82.17,76.56938,81.83,74.83107,82.67,73.68252,83.83,80.56694,3.2856598
02866.jpg,61.409996,73.04398,59.06,69.579544,66.5,71.6082,63.53,68.80606,59.710003,70.75785,63.130005,72.619736,11.633987
10889.jpg,24.86,14.2017765,58.429996,43.95936,55.86,41.60818,60.43,35.19119,36.67,21.67108,18.0,5.779756,10.658224
05880.jpg,40.0,42.259964,52.830006,59.326183,58.67,61.223053,50.33,56.32863,51.5,46.98785,24.0,32.32906,2.259964
03211.jpg,59.669994,53.319897,68.33,66.10425,70.0,69.168755,66.5,68.35091,55.67,55.257206,46.0,37.684113,6.3500977
09664.jpg,63.5,71.245056,67.0,77.49158,79.25,78.2255,75.25,74.527466,57.25,70.20271,51.25,70.53825,7.745056
09789.jpg,84.0,71.973915,88.7,71.915886,82.64,75.18783,83.82,72.03529,87.64,72.41959,83.55,73.71159,12.026085
08872.jpg,85.29,77.997734,81.88,74.470894,84.75,75.5443,81.5,72.30041,85.0,70.67812,80.75,79.37221,7.292267
04910.jpg,66.11,66.71041,64.56,68.17962,67.22,72.95773,69.22,69.62578,57.67,66.47045,57.25,69.43868,0.60041046
01948.jpg,23.78,28.871128,40.44,45.87388,40.11,47.60799,42.33,41.217567,22.0,38.674446,15.000001,21.846867,5.0911274
08859.jpg,59.669994,54.70667,61.22,53.314476,64.11,61.134453,66.33,55.48704,54.11,53.48732,57.33,55.319267,4.9633255
03547.jpg,23.64,21.61917,41.55,49.380936,54.27,51.019104,48.55,44.49251,48.0,33.606754,17.09,12.7075,2.0208302
01810.jpg,27.919998,22.246765,36.0,23.034544,44.08,32.589165,42.64,28.782255,34.0,29.925695,21.57,20.057537,5.673233
10980.jpg,83.57,62.463875,80.29,65.00715,80.67,65.38254,84.33,63.24063,84.29,62.955135,84.14,63.355618,21.106125
04416.jpg,37.0,33.092224,50.440002,52.019646,52.56,55.602993,47.11,49.59903,41.11,44.59066,21.44,23.835712,3.9077759
10496.jpg,27.33,25.63498,58.67,52.783306,63.33,51.563515,50.67,47.991493,46.0,40.273743,15.33,16.344265,1.6950207
10282.jpg,78.13,71.868675,72.38,72.902855,84.13,76.76614,78.88,72.81603,81.25,69.39677,82.25,71.57862,6.261322
01536.jpg,57.63,44.04279,45.5,33.575443,47.0,42.121223,48.5,40.62827,69.75,48.17854,64.5,47.588436,13.587212
01127.jpg,51.63,49.310814,67.14,52.896427,64.14,59.25155,61.57,55.143112,45.25,54.005505,38.75,50.793915,2.3191872
09890.jpg,67.0,68.198326,61.67,62.885242,67.83,66.9805,63.33,66.16176,68.83,69.4621,75.0,71.37401,1.1983261
08815.jpg,22.75,16.636663,15.25,22.304613,38.0,29.9636,21.25,26.361603,32.75,21.992468,9.75,10.62354,6.1133366
10709.jpg,29.0,33.18236,59.570004,60.867035,59.710003,63.87221,59.430004,55.472427,38.0,46.98898,10.0,21.779627,4.1823616
06274.jpg,55.33,62.15164,70.33,59.892017,71.0,67.010025,74.67,61.994766,55.67,55.8447,56.67,55.6667,6.82164
01715.jpg,45.0,26.742855,51.22,41.622562,60.38,48.057343,45.44,42.929577,54.25,34.6189,35.78,17.958502,18.257145
03034.jpg,37.71,48.282604,49.83,61.962994,64.43,63.204426,56.0,60.029556,25.67,51.313484,22.71,40.349693,10.572605
09792.jpg,44.0,60.11319,55.799995,62.001167,61.0,63.253273,57.9,62.240993,39.8,56.313713,41.8,55.1662,16.11319
04466.jpg,51.75,56.919403,45.63,56.114143,56.130005,61.34309,52.88,58.30403,47.5,58.97757,55.879997,59.569817,5.169403
00629.jpg,74.53,71.90371,74.06,71.100845,75.5,73.68884,74.07,70.30341,70.67,71.264336,72.44,72.90084,2.6262894
03722.jpg,62.619995,47.467476,63.75,49.697735,65.25,53.47224,65.42,50.996323,62.92,45.045746,64.08,44.905155,15.152519
07884.jpg,24.57,25.249027,52.289997,51.58298,47.86,53.524952,40.14,45.0773,38.71,35.090263,11.43,16.727364,0.67902756
01825.jpg,18.09,24.555183,47.0,44.278763,57.9,44.55528,45.45,40.11972,16.18,27.478813,13.0,15.803128,6.4651833
00695.jpg,76.57,82.56647,73.0,80.03744,71.86,81.85656,72.0,79.667786,81.67,77.44051,72.57,83.03915,5.9964676
10071.jpg,25.64,19.079168,73.83,50.41413,68.83,50.468987,58.999996,43.069614,58.45,31.938597,11.3,8.233951,6.560831
06495.jpg,17.63,16.19941,8.71,22.78115,18.38,29.36089,13.249999,26.895119,40.25,22.024664,18.0,12.584095,1.4305897
05151.jpg,37.73,26.51718,62.36,47.947556,62.089996,47.81947,60.000004,44.025715,56.5,35.041714,24.45,16.388077,11.21282
08990.jpg,80.25,70.159355,78.38,72.26504,80.0,71.728745,79.63,70.30495,75.0,70.491165,78.25,71.8889,10.090645
07580.jpg,67.6,46.338436,63.4,47.599827,66.6,55.443172,62.4,51.083817,61.6,48.839653,70.0,44.955547,21.261562
09064.jpg,86.33,63.336933,82.33,68.48559,84.0,73.27469,80.33,68.1297,86.5,68.09766,84.5,59.519474,22.993069
00871.jpg,72.75,72.24635,73.73,71.285286,77.92,74.57564,75.33,71.89308,74.58,72.05868,74.25,72.4783,0.50364685
05335.jpg,64.44,60.052456,67.13,57.84256,67.56,64.082535,63.0,59.781628,55.11,56.03464,60.44,64.130745,4.3875465
02343.jpg,48.7,53.543823,50.0,54.04733,69.45,61.639084,66.36,58.25339,47.58,52.921432,56.64,53.11383,4.8438225
03090.jpg,21.0,22.389109,51.86,43.267212,62.29,48.697506,44.86,41.675945,44.86,35.020912,11.43,15.570021,1.3891087
06221.jpg,18.25,15.326178,34.13,46.160564,41.25,44.736084,35.5,40.316547,29.249998,29.22481,15.379999,7.1401505,2.9238224
07338.jpg,2.0,13.321957,2.0,27.801052,24.67,32.631416,8.67,24.55226,36.0,24.38538,5.0,8.449571,11.321957
01487.jpg,73.6,75.26862,63.200005,68.469635,71.9,71.34825,68.6,70.77721,74.3,74.27405,72.3,79.007164,1.6686249
07656.jpg,62.0,83.70944,79.57,80.28301,80.0,80.10143,81.86,79.35059,67.29,78.7937,60.71,82.940094,21.709442
05681.jpg,33.86,39.53275,38.43,49.30779,45.0,52.007877,39.14,50.05793,46.86,48.944725,16.71,29.603895,5.6727486
09204.jpg,47.27,63.143932,47.91,55.764454,52.900005,64.04757,51.6,60.299713,41.0,59.437138,40.55,64.83289,15.873932
02899.jpg,42.06,40.8916,47.83,48.62287,60.000004,55.035496,49.53,50.770332,53.44,48.461365,28.650002,31.854921,1.1683998
09403.jpg,70.14,59.822624,62.57,60.85226,70.0,62.015087,76.43,61.16826,81.57,59.8423,78.14,63.065277,10.317375
05068.jpg,68.45,71.37086,67.1,64.21676,74.9,66.699615,72.2,66.16545,73.7,66.70021,72.36,75.510796,2.9208603
03606.jpg,22.67,27.902205,56.730003,53.94804,53.27,52.310596,53.91,47.330788,41.25,39.817616,10.75,16.19449,5.2322044
08887.jpg,35.29,30.138245,45.43,44.4766,69.0,48.097416,52.569996,44.145706,52.14,37.18957,25.14,22.815714,5.1517563
09268.jpg,25.71,25.389093,43.29,54.465546,42.71,55.34309,39.57,49.102848,38.71,38.387096,18.43,13.966722,0.3209057
03725.jpg,60.69,67.865974,60.000004,75.6491,60.460003,76.26515,61.92,71.65364,60.92,66.52153,63.67,64.24972,7.175976
03591.jpg,39.64,35.58364,63.450005,54.30891,58.18,58.164608,54.4,51.581593,39.64,42.218323,25.73,26.258242,4.0563583
04685.jpg,78.4,79.37694,70.4,73.503586,77.4,79.01598,78.8,76.07511,77.8,78.1649,79.8,83.88703,0.97693634
00337.jpg,67.43,66.35395,67.15,63.17052,68.54,70.27656,65.36,65.75587,62.770004,64.12634,66.79,66.87455,1.0760498
04084.jpg,66.93,67.73721,62.6,61.20914,68.4,69.22977,67.57,63.988846,68.4,64.76013,70.43,69.85607,0.8072128
02455.jpg,50.9,57.22285,53.2,58.043777,63.1,67.61688,56.1,62.94614,43.0,56.37027,42.7,53.08641,6.3228493
04759.jpg,31.0,39.49445,47.83,59.8705,56.0,59.662117,44.5,58.165188,43.17,43.401493,14.829999,35.068047,8.49445
01218.jpg,15.379999,13.818672,17.13,25.957275,24.88,31.628666,24.0,26.447388,30.879997,20.755777,17.63,7.922342,1.561327
01236.jpg,42.86,36.466988,66.57,49.890892,66.57,55.281597,72.29,49.40625,51.57,47.09103,33.0,30.141064,6.393013
01849.jpg,30.75,51.742374,67.15,57.219494,68.69,61.183422,58.77,55.28267,42.83,55.245964,24.83,48.521645,20.992374
06510.jpg,37.83,15.3794,60.000004,37.32893,63.57,42.240295,55.86,34.1748,53.710003,28.330303,23.43,8.343899,22.450602
01151.jpg,65.25,72.650246,67.88,71.02701,75.86,73.90692,73.57,71.24989,67.0,71.2922,68.5,73.570724,7.4002457
07587.jpg,81.57,74.95788,80.71,72.510826,79.43,77.04876,79.57,75.36183,80.5,74.85984,83.29,75.19217,6.6121216
09571.jpg,23.17,42.71268,23.5,37.757412,24.5,44.365875,21.17,39.308727,25.5,47.14164,24.17,46.220688,19.54268
07169.jpg,23.2,30.634176,31.400002,33.361168,22.2,39.166252,34.0,37.382637,18.2,37.63286,15.6,27.723944,7.4341755
10584.jpg,74.0,62.75956,68.43,68.384346,67.43,69.22516,69.71,65.88019,75.86,63.709335,72.5,58.44187,11.24044
03731.jpg,75.5,66.640594,73.08,64.633804,64.69,63.16254,74.18,63.709694,73.42,60.697514,72.75,68.4086,8.8594055
04958.jpg,66.43,67.59727,61.14,65.9792,69.71,69.66034,63.71,66.52721,62.57,66.100204,63.71,66.90662,1.1672668
00930.jpg,43.15,29.803667,50.57,40.577557,51.69,49.036564,51.85,43.92026,33.57,36.67424,22.0,20.406748,13.346334
02924.jpg,46.79,36.490414,50.270004,49.70122,61.29,53.782154,57.14,50.37487,47.69,40.837963,36.6,27.974356,10.299587
10630.jpg,30.71,63.175106,48.29,62.17392,45.86,68.84061,49.0,62.953274,32.29,58.783413,25.330002,63.544647,32.465107
03317.jpg,54.71,50.023968,53.139996,43.314465,46.71,52.072884,47.14,46.940884,48.71,47.715923,57.29,56.27861,4.6860313
02009.jpg,68.4,65.28949,77.22,65.424385,74.22,68.03152,74.11,65.039536,70.11,64.29791,74.33,64.48065,3.1105118
00065.jpg,32.78,51.83077,51.78,66.79948,49.22,66.2482,50.78,63.250904,38.22,50.822323,26.22,42.433434,19.05077
04714.jpg,13.330001,30.138382,23.5,41.267387,31.0,46.005775,25.67,41.11126,30.829998,38.77626,11.5,24.340797,16.80838
04155.jpg,28.630001,25.146988,58.13,53.71559,58.749996,53.69232,50.130005,47.08344,36.88,28.19325,18.63,14.444676,3.4830132
06529.jpg,56.89,56.141685,36.63,50.238205,63.67,62.164635,57.0,56.94811,67.44,56.81826,62.78,58.296646,0.7483139
04250.jpg,59.750004,64.37292,66.8,57.06308,65.08,69.90433,60.36,62.703777,47.83,63.672447,61.25,66.45595,4.6229134
03075.jpg,35.2,46.271336,41.4,52.728443,52.2,56.770916,47.2,51.28515,29.0,45.1462,28.400002,46.979244,11.071335
05684.jpg,34.57,36.571743,45.14,48.261826,43.14,50.13663,37.43,46.40378,36.29,41.295345,17.86,29.261234,2.0017433
08559.jpg,77.75,67.38393,79.75,71.796906,84.0,72.70055,79.75,73.51912,83.5,61.91817,82.5,64.264084,10.366074
06071.jpg,70.2,66.746155,69.1,67.06146,66.6,71.647354,67.7,68.46598,66.2,67.518105,70.2,67.72015,3.4538422
07074.jpg,50.25,53.279793,38.0,44.57752,58.25,55.1997,47.25,47.136803,64.75,56.197296,68.75,54.901047,3.0297928
07679.jpg,74.67,56.39318,72.0,53.43216,81.67,57.34678,82.83,55.108406,74.83,53.108807,70.0,53.507088,18.276817
08626.jpg,62.199997,59.76025,72.8,65.27546,66.2,67.16272,74.6,66.98352,59.599995,58.078808,65.6,51.727497,2.4397469
00533.jpg,76.27,67.53656,83.6,62.453217,83.6,68.57013,84.4,64.85103,82.9,64.605484,86.6,65.354935,8.733437
01836.jpg,40.67,50.688904,46.33,53.840973,43.44,58.677937,52.0,59.423416,33.67,52.09223,26.249998,43.914333,10.018906
06534.jpg,22.25,20.255836,53.250004,38.638874,38.25,40.23842,29.249998,34.378994,20.88,27.385172,26.0,14.659747,1.9941635
03785.jpg,38.33,47.94129,50.33,68.3214,46.83,73.11174,44.83,66.53914,34.33,50.961853,34.67,36.23856,9.61129
07742.jpg,63.800003,51.725853,54.8,44.38485,68.6,52.896584,62.0,48.591965,66.0,53.084785,75.8,55.10928,12.07415
06714.jpg,53.290005,59.675365,66.57,67.19091,58.709995,69.87884,56.71,67.37174,58.859997,58.093307,47.29,54.89952,6.3853607
07260.jpg,66.0,49.787037,61.5,59.44671,55.5,62.032475,57.0,58.86507,42.5,51.07522,36.5,45.488434,16.212963
09284.jpg,47.5,65.51346,42.17,64.9706,42.5,68.70353,43.67,66.02127,34.83,65.19137,43.17,66.0313,18.013458
06517.jpg,31.43,38.533546,51.71,49.54373,59.860004,55.766285,53.139996,50.932156,28.57,42.296204,15.43,31.314892,7.103546
03039.jpg,31.670002,35.062943,25.0,32.38749,47.5,45.23421,27.829998,41.65272,38.83,38.817863,28.0,35.52507,3.3929405
07031.jpg,58.88,63.769,50.380005,69.00863,63.380005,70.77559,68.71,67.03028,63.25,63.548607,58.25,60.65143,4.889
01272.jpg,30.91,27.304775,67.1,49.088512,65.5,48.044323,52.73,43.55458,51.55,34.91766,15.36,15.991638,3.6052246
08945.jpg,52.329998,73.28512,61.17,65.289474,62.17,75.24272,56.83,68.88663,37.17,69.86327,46.67,79.68331,20.95512
05807.jpg,45.25,22.70325,55.14,53.62815,62.86,51.290543,63.14,46.53779,54.71,28.18143,28.380001,11.285117,22.54675
03323.jpg,88.29,81.66876,88.29,76.67928,83.57,78.43603,84.57,76.12101,87.83,79.172226,85.29,83.785706,6.6212387
02792.jpg,78.86,69.39381,76.31,65.70275,74.25,70.13359,69.4,67.032906,68.93,65.973045,80.0,70.29198,9.466194
02241.jpg,73.5,66.61897,77.8,63.636745,74.0,68.08502,75.56,66.092125,69.1,64.981476,71.2,68.097565,6.881027
00486.jpg,73.5,67.3668,75.83,72.38779,84.4,70.258934,78.33,68.41698,69.0,62.78942,73.33,62.189598,6.1332016
06806.jpg,71.0,74.86292,70.0,63.642662,78.5,70.35071,77.5,69.351074,61.5,69.30247,75.0,79.97707,3.8629227
05389.jpg,53.500004,51.59176,70.57,65.4634,62.630005,67.934166,65.13,63.528175,48.13,52.085453,48.75,40.031097,1.9082451
07276.jpg,44.5,31.33911,34.0,43.350266,44.0,45.6252,43.0,42.138256,40.0,38.6359,37.0,24.347296,13.160891
10392.jpg,46.0,40.164227,64.0,49.32268,66.17,53.830738,58.329998,50.493324,52.999996,40.958603,34.17,32.70075,5.8357735
01384.jpg,48.0,48.190742,42.73,51.65473,56.0,59.59159,46.2,53.35846,47.33,49.41786,45.18,47.547134,0.1907425
07502.jpg,81.0,66.74143,76.0,64.14047,72.5,65.79959,78.0,64.65227,74.17,66.6506,76.5,67.32435,14.258568
04041.jpg,36.75,33.195343,57.83,47.559254,54.5,51.932953,55.299995,46.417027,40.0,39.54802,34.33,27.960846,3.554657
08583.jpg,73.25,55.15532,69.0,62.589176,69.0,66.34076,72.5,64.76032,73.5,56.46854,76.5,50.798923,18.09468
09993.jpg,28.0,30.128696,37.5,33.729656,25.67,43.271732,41.33,37.70615,13.500001,29.128101,18.0,27.884457,2.1286964
05509.jpg,61.879997,74.68503,68.0,71.29869,71.25,77.46839,60.75,72.59444,61.879997,74.77592,58.63,81.40123,12.805031
04730.jpg,21.0,30.46556,40.43,49.727703,42.0,53.009926,39.29,46.173542,31.14,36.34591,17.57,23.712053,9.465561
04203.jpg,57.58,58.505653,51.36,52.588417,68.83,62.356804,48.17,58.664333,42.38,61.75467,48.54,63.98349,0.92565155
04457.jpg,70.38,72.96695,62.5,70.53249,69.38,75.88229,66.75,71.17959,68.75,73.372826,68.25,74.27727,2.5869522
01114.jpg,41.5,41.385624,52.669994,54.486156,50.25,53.8462,47.08,53.09247,30.27,45.8084,31.420002,32.71564,0.11437607
06436.jpg,58.749996,56.698235,67.75,60.58656,70.25,64.688095,69.63,64.25334,53.500004,60.550606,57.5,53.77534,2.0517616
07163.jpg,50.0,37.550327,60.2,43.997208,66.2,51.484863,62.0,44.538425,58.999996,36.169643,41.2,28.417915,12.449673
05853.jpg,58.67,59.562977,65.5,62.243557,64.17,67.39378,56.5,62.493515,52.999996,58.72434,61.17,58.281403,0.89297867
00100.jpg,50.630005,49.745834,44.38,39.085644,61.57,52.45331,55.57,49.654373,62.25,51.52038,47.0,48.800163,0.88417053
10629.jpg,17.17,18.325075,45.43,42.00512,45.86,44.187305,46.14,38.4197,36.29,27.475143,14.829999,10.7003145,1.1550751
00330.jpg,52.7,43.397408,60.100002,60.29616,65.2,60.73229,60.000004,55.424786,46.7,44.60494,42.3,29.23333,9.302593
00776.jpg,36.5,45.95324,58.0,66.28449,49.83,65.3797,43.83,61.696182,36.5,50.768833,27.17,31.50827,9.453239
05570.jpg,41.0,41.862904,49.0,50.444733,50.17,54.9356,44.17,51.24123,33.67,44.149593,39.5,34.08577,0.8629036
06805.jpg,22.5,21.315193,55.5,48.1559,50.5,51.3677,52.0,43.010895,14.5,31.014606,12.5,11.825731,1.1848068
05838.jpg,38.57,29.414288,54.29,55.98833,56.0,55.695904,56.57,51.406086,44.71,36.121426,22.86,18.492332,9.155712
04991.jpg,71.5,49.311905,65.75,49.740772,77.86,56.255657,73.71,52.097355,76.75,50.594097,71.0,48.736702,22.188095
04503.jpg,36.57,36.436768,51.29,45.94464,69.17,51.66117,62.71,47.50943,31.71,40.665176,32.29,26.486647,0.13323212
04132.jpg,85.0,63.124,80.57,62.671207,83.43,70.07837,82.29,65.67585,89.33,62.032253,83.71,60.636765,21.876
01964.jpg,72.89,79.55133,63.0,77.07497,77.67,77.01811,68.56,77.9688,65.9,78.6506,71.11,80.35931,6.661331
00950.jpg,53.500004,51.80506,48.08,42.996506,52.55,48.63939,51.67,50.195766,53.920002,55.03947,55.089996,58.246243,1.6949425
06788.jpg,48.0,29.266315,38.8,30.351757,54.4,41.171284,58.6,36.030598,49.2,33.32676,42.2,27.761196,18.733685
00213.jpg,20.18,50.97635,15.82,43.56085,34.92,50.625698,30.000002,50.15404,50.82,50.998867,38.25,54.058666,30.796349
10904.jpg,51.14,39.241055,74.86,50.585056,81.33,57.7112,73.14,53.24992,68.17,46.191578,47.0,33.457016,11.898945
03220.jpg,34.33,21.127832,62.5,56.733894,64.17,59.52818,69.0,50.221325,52.329998,37.54551,29.499998,10.083524,13.202169
03751.jpg,24.75,28.3755,62.25,49.497665,55.689995,52.537537,57.83,46.64407,47.08,38.108276,23.54,16.59596,3.6254997
06829.jpg,48.33,80.98694,55.67,80.77153,64.67,78.88873,53.670002,78.95677,57.0,75.99653,46.0,81.87322,32.656937
06363.jpg,37.67,27.653996,57.83,48.57998,46.83,49.75504,50.0,44.98299,27.17,33.83634,24.5,16.720884,10.016003
09852.jpg,17.86,18.624157,39.86,47.208782,48.71,51.004837,43.43,41.413437,28.29,31.418852,4.5,10.747573,0.76415634
05028.jpg,65.25,64.09748,70.38,58.396233,69.63,66.48039,63.75,64.60578,59.249996,62.22964,69.13,66.24339,1.1525192
05844.jpg,75.2,55.241116,70.8,60.684074,76.0,66.932144,79.6,62.295044,69.0,56.59108,80.0,53.80252,19.958881
08946.jpg,68.0,59.247887,68.33,65.76692,71.67,67.05282,76.83,64.48078,62.0,55.122353,65.0,53.555973,8.752113
00123.jpg,26.569998,23.064669,53.710003,55.136055,53.670002,55.24909,47.33,48.09073,49.43,34.718876,17.14,11.697746,3.5053291
07367.jpg,73.2,63.559216,73.2,64.78655,79.2,67.60443,75.0,64.47243,70.8,60.924244,73.8,61.451996,9.640781
06639.jpg,30.669998,43.659218,31.330002,43.300022,35.67,52.493965,27.17,45.833447,31.169998,49.967953,26.67,47.15413,12.98922
10873.jpg,70.67,73.73964,70.0,70.090195,79.33,73.456276,77.5,72.73643,76.67,69.801476,80.17,75.94284,3.069641
01371.jpg,60.09,57.046543,73.09,69.09421,74.09,71.91932,69.82,66.90056,64.67,57.357384,55.729996,48.44334,3.043457
09043.jpg,10.33,28.328524,12.17,35.84233,15.5,37.204777,18.33,32.31483,28.5,34.506584,15.67,27.78818,17.998524
00215.jpg,13.83,17.085567,9.91,16.804031,27.669998,26.22382,16.55,23.58391,18.36,24.15689,17.42,14.508011,3.2555676
05289.jpg,26.56,26.90463,54.67,54.20278,51.56,54.34922,51.89,47.475903,44.78,32.815937,16.33,14.60099,0.3446312
00381.jpg,79.44,61.600506,76.13,65.9428,79.31,67.88463,75.06,65.93833,76.63,63.50604,80.69,61.01098,17.839497
05943.jpg,45.6,45.058784,33.0,40.978947,56.0,50.182796,46.8,46.423298,45.64,49.269516,45.27,46.664062,0.541214
10125.jpg,72.63,64.63802,81.0,62.14358,78.38,66.06516,71.63,63.734127,68.5,63.8645,75.5,64.17785,7.991974
04437.jpg,68.89,60.756283,63.89,56.133183,62.33,62.28734,63.440002,60.763443,61.11,61.01458,68.67,61.997097,8.133717
02164.jpg,20.92,21.684872,29.69,32.157627,35.08,41.379715,39.77,37.188858,16.17,33.61336,21.33,15.527548,0.7648716
06374.jpg,26.88,21.265326,39.63,31.505848,26.499998,37.80859,22.38,30.171108,21.0,31.32815,26.63,17.684626,5.6146736
01940.jpg,75.89,76.63486,69.56,66.040405,76.67,72.24077,76.89,68.58895,77.89,71.42812,73.89,81.10292,0.7448578
02599.jpg,64.3,79.09326,66.6,75.46862,68.9,79.697014,63.9,75.64463,61.1,74.932045,49.2,81.36053,14.793259
01422.jpg,79.1,74.7048,74.9,69.86539,77.73,75.962105,73.9,71.339195,69.73,67.60771,76.73,76.26139,4.395195
10887.jpg,30.140001,33.86662,62.0,55.122803,68.0,59.987373,69.14,54.397804,55.17,43.13757,26.14,22.576426,3.7266178
00529.jpg,79.2,60.176975,83.2,68.428505,80.9,69.87159,80.8,65.6518,78.0,57.976715,76.0,50.92233,19.023022
07130.jpg,81.0,82.840225,75.0,80.629555,77.5,82.28178,75.75,80.634514,84.0,80.68273,76.75,83.42826,1.8402252
07387.jpg,15.2,22.791115,36.8,22.72195,33.8,34.901817,42.0,31.190714,13.799999,28.3598,13.799999,22.968063,7.591115
01481.jpg,77.3,77.47118,69.9,67.78176,83.67,74.288795,77.22,71.85975,82.1,73.94635,80.1,80.663826,0.17118073
02250.jpg,76.22,73.59696,78.67,72.37643,75.78,73.98517,82.63,73.88873,72.56,73.94348,83.5,75.48333,2.6230392
04950.jpg,31.0,41.72717,48.43,58.445835,54.71,61.047375,46.0,57.60439,35.86,46.706932,25.57,29.477045,10.727169
02593.jpg,64.18,62.958122,57.6,60.78344,55.269997,70.42152,62.700005,63.740818,60.82,70.12836,64.9,67.51888,1.221878
07407.jpg,83.33,77.76512,84.83,79.89589,82.5,79.94864,82.67,78.991516,79.17,75.778244,82.83,76.66693,5.5648804
04007.jpg,79.27,66.33873,78.06,71.24974,81.0,74.459114,76.87,72.13032,70.71,66.57379,81.33,62.986343,12.931267
00453.jpg,24.88,30.103168,46.0,47.76115,51.5,49.875546,36.5,43.420227,27.86,37.589993,16.38,18.600819,5.2231693
09860.jpg,17.57,24.89694,48.29,56.25592,47.0,52.38722,44.71,49.302208,33.14,35.969955,14.0,15.024428,7.3269405
01042.jpg,65.25,54.2014,71.29,56.156136,80.14,64.83322,70.86,54.48618,73.71,53.512054,72.17,50.193832,11.048599
09424.jpg,8.83,27.847061,63.83,50.540436,64.17,55.03659,60.5,47.846596,39.0,36.962254,5.5,17.422142,19.017061
03642.jpg,9.67,12.824305,11.18,20.418118,17.45,27.777016,14.42,22.995813,19.45,22.387712,8.83,7.9296427,3.1543045
01510.jpg,70.0,75.28031,71.75,66.602715,71.78,71.6667,72.13,69.33044,71.89,74.28794,75.25,81.24114,5.2803116
04108.jpg,65.1,63.878517,65.36,67.275276,76.6,72.08673,65.18,67.16997,64.0,65.05141,50.5,59.833664,1.2214813
10272.jpg,27.13,36.40396,19.0,31.00544,47.88,43.48516,37.0,38.526566,25.5,40.67735,20.57,39.326,9.273962
07727.jpg,28.2,29.66361,56.4,42.605324,59.599995,49.322273,52.0,44.873257,49.2,38.630226,21.8,23.410303,1.4636097
06531.jpg,63.75,68.77728,66.5,66.362495,74.38,72.508995,73.71,69.63564,63.0,70.97893,58.499996,66.50554,5.0272827
01860.jpg,16.5,19.216673,46.36,42.286808,52.91,44.612823,43.55,40.11552,27.000002,29.071522,10.55,11.918107,2.716673
10533.jpg,77.0,45.061527,78.67,45.94246,76.17,52.294655,75.33,46.655846,76.83,44.899933,81.17,46.709167,31.938473
00024.jpg,36.75,45.21133,55.379997,65.431725,62.630005,65.598495,53.63,61.969273,51.13,50.876472,28.71,32.71375,8.46133
03892.jpg,21.57,35.081615,54.36,53.766937,53.430004,55.585987,48.14,50.438583,24.85,40.902905,14.79,25.010386,13.511616
06583.jpg,34.0,45.715733,31.8,46.17576,37.4,52.547752,38.4,51.857613,35.0,42.920273,37.8,42.51404,11.715733
06041.jpg,49.11,43.75073,53.670002,47.53053,56.22,49.773293,58.219997,48.186108,46.89,43.826946,38.89,39.48984,5.359272
08027.jpg,54.6,63.978565,43.6,58.769173,59.2,64.15589,55.4,62.67435,54.2,62.66628,58.0,65.89676,9.378567
00480.jpg,72.38,85.729744,72.75,79.87119,78.5,82.375305,70.88,80.704285,72.25,79.05811,63.5,88.815544,13.349747
10066.jpg,62.92,53.708794,47.31,46.63286,67.0,56.095566,62.0,50.812954,74.75,57.29921,74.5,55.257088,9.211205
07084.jpg,54.000004,58.64796,46.25,57.374756,63.0,63.272476,47.5,57.3173,57.25,62.69382,58.25,62.19319,4.647957
06191.jpg,30.71,25.866318,45.14,46.650307,44.0,48.43267,37.57,42.989643,30.86,34.342976,22.43,16.507872,4.8436813
07791.jpg,44.29,26.720053,57.67,48.853546,48.29,48.685596,47.0,43.20604,32.43,30.360666,19.17,15.75454,17.569948
10154.jpg,41.38,24.784977,60.88,45.003986,61.25,48.873337,61.879997,42.770885,39.13,33.902542,21.57,17.368729,16.595024
01353.jpg,57.92,56.3765,59.850002,52.509396,60.33,57.22243,57.54,54.947453,41.38,50.44638,56.380005,54.889687,1.543499
00714.jpg,72.07,79.777565,69.5,72.114044,67.87,77.175026,72.6,74.47311,61.4,76.28306,72.86,84.77825,7.7075653
00056.jpg,67.0,45.756516,62.89,47.310608,68.44,57.16644,66.67,49.473972,61.44,51.18587,63.67,47.854023,21.243484
00698.jpg,49.0,39.69568,29.0,47.446743,51.29,51.922203,40.71,48.495094,60.170002,42.231297,44.57,36.657898,9.304321
10830.jpg,57.83,58.185802,58.709995,52.97447,54.71,56.97017,58.429996,56.535847,42.14,57.552864,44.71,58.373325,0.35580063
10385.jpg,67.83,65.134384,61.83,58.739956,71.67,63.919945,70.33,60.067074,71.83,63.00766,75.17,66.72865,2.6956177
02972.jpg,81.13,78.12311,70.78,67.35446,74.38,74.360275,77.25,72.37463,69.67,78.35807,78.22,79.75746,3.0068893
09405.jpg,47.43,61.765923,36.57,50.57905,54.57,60.914143,47.86,56.705994,61.29,62.160515,51.14,64.16728,14.335922
00828.jpg,40.14,48.989803,51.43,54.08785,56.29,55.76011,46.43,50.373363,54.43,46.693844,33.43,44.104446,8.849804
04897.jpg,35.25,44.221542,55.67,58.062954,54.5,62.152504,46.42,59.43367,42.25,50.918037,29.0,37.6342,8.971542
04404.jpg,63.07,73.29172,62.4,76.66806,63.200005,77.70926,61.269997,75.13264,57.07,70.96892,66.73,76.27136,10.221718
01303.jpg,31.7,48.08342,63.730003,68.0137,61.3,65.89591,56.36,62.407883,50.82,50.212254,21.82,35.079777,16.383419
03416.jpg,61.67,70.826546,63.7,72.33377,69.0,73.154816,62.800003,69.801895,64.89,67.14152,53.600002,71.695114,9.156548
08217.jpg,14.17,25.51423,64.67,56.731586,68.67,60.613792,65.33,53.70532,41.17,43.8722,9.33,14.111211,11.344231
10355.jpg,89.43,71.542534,82.57,74.593,91.8,75.667076,83.71,73.41742,92.4,72.254715,86.0,72.215935,17.887466
02474.jpg,67.82,65.689896,63.730003,60.147537,59.45,64.38263,66.64,64.65804,66.27,67.31855,68.0,69.06537,2.130104
01848.jpg,23.6,39.64628,53.27,62.373394,63.300003,61.204136,45.64,55.276726,42.0,44.719418,18.45,29.366768,16.046278
01103.jpg,73.33,68.67903,77.25,58.498158,73.67,62.27938,74.67,60.920994,70.08,67.88458,75.75,72.892586,4.6509705
05595.jpg,61.0,71.448235,65.71,70.93511,61.14,74.3083,62.0,70.23832,72.0,69.03355,62.43,74.88797,10.448235
09394.jpg,8.33,23.63447,58.329998,53.498215,52.17,55.300404,54.170002,48.54685,37.5,31.314552,5.17,12.684235,15.30447
08022.jpg,42.0,30.881378,51.0,49.210114,59.599995,51.15804,57.6,44.776287,61.199997,35.78213,31.600002,22.365505,11.118622
06922.jpg,68.6,72.8851,60.000004,71.04939,70.4,73.248726,65.4,72.18695,61.4,74.09854,57.4,76.89075,4.285103
01414.jpg,57.550003,55.604607,62.1,63.553204,64.0,70.806885,62.299995,65.11055,59.45,56.379944,55.449997,52.84252,1.9453964
03907.jpg,72.23,57.427067,66.54,53.982777,68.69,56.366055,68.54,56.004547,69.25,57.69716,74.08,59.937553,14.802937
10435.jpg,13.400001,19.586737,49.33,50.736584,37.67,53.250443,35.0,44.146145,14.17,32.56808,7.3299994,8.638768,6.186736
08158.jpg,47.17,38.938156,72.33,49.813232,75.0,55.385475,73.5,48.49152,71.17,45.539757,43.17,32.23673,8.231842
07953.jpg,37.14,47.968258,34.71,45.183346,47.57,50.90789,47.14,49.481903,26.860003,47.842968,36.43,49.432518,10.8282585
04815.jpg,27.56,25.514492,51.8,53.951614,43.8,54.74351,35.5,50.805824,38.6,38.415535,19.1,13.777057,2.0455074
07036.jpg,41.56,44.76625,29.22,49.17399,51.11,52.58007,47.63,49.12411,53.330006,49.204388,43.33,42.189632,3.2062492
06966.jpg,16.0,30.63426,55.549995,41.60309,50.730003,42.61553,42.73,39.82296,35.5,40.264942,13.400001,26.068089,14.63426
00796.jpg,25.43,15.731279,26.289999,38.579266,36.29,39.725086,29.860003,33.88802,33.14,26.36367,14.57,8.947847,9.698721
00820.jpg,70.38,64.407166,73.29,64.173744,74.0,69.09763,70.5,67.1619,67.75,67.77746,78.57,69.99967,5.9728317
04375.jpg,29.53,12.49277,49.6,48.61492,47.29,43.980743,44.79,39.100502,32.0,23.201982,21.67,5.2022147,17.037231
02072.jpg,66.29,74.42669,70.33,64.56062,66.29,71.63079,65.14,69.53685,61.57,73.07331,71.71,81.38638,8.136688
05475.jpg,47.0,64.42892,42.88,58.491016,45.38,65.88507,48.75,62.384068,45.25,60.341667,55.129997,62.302517,17.428917
04081.jpg,47.33,49.488083,62.450005,49.94539,61.549995,53.041615,60.64,50.26322,33.36,45.98677,43.8,53.673,2.158081
01009.jpg,37.91,42.89319,56.0,60.691208,59.8,63.89659,48.36,58.85546,34.55,49.607815,28.600002,31.765234,4.9831886
00070.jpg,56.0,58.251846,58.14,59.884853,61.0,60.27616,62.14,60.746635,58.429996,58.777355,54.57,55.17624,2.2518463
00162.jpg,31.18,34.442017,36.09,34.01757,39.18,42.24974,34.18,39.599823,29.0,33.602165,18.45,32.15221,3.2620163
04629.jpg,10.14,7.5801306,28.43,30.84785,41.14,34.58498,19.0,25.799305,25.170002,17.327908,7.17,3.0841022,2.5598698
06864.jpg,37.5,55.66756,33.25,51.462807,37.25,55.946125,43.75,54.32187,48.25,56.491505,31.75,58.82369,18.16756
08244.jpg,53.8,57.58084,60.600002,65.34617,56.200005,66.73054,49.8,63.431515,53.2,52.368027,49.2,48.82333,3.7808418
02204.jpg,16.43,23.72879,51.14,57.247562,54.140003,57.418736,46.57,50.07547,42.43,40.185646,12.0,14.501603,7.29879
08186.jpg,83.67,86.07016,80.67,84.549995,83.17,83.703415,83.5,84.46019,85.67,83.19364,84.83,86.32811,2.4001617
10330.jpg,80.57,78.82182,78.0,75.75573,79.57,79.027695,82.14,76.492805,72.0,76.46927,78.86,79.52073,1.7481766
07371.jpg,20.8,21.867308,40.8,50.886463,50.6,49.68002,37.4,44.65045,22.0,31.780132,10.2,13.207354,1.0673084
03010.jpg,20.57,23.691006,51.88,55.807644,70.86,55.458633,61.57,49.07134,37.38,33.55203,15.25,13.700153,3.121006
01890.jpg,63.380005,67.68542,62.380005,63.392628,66.43,67.879105,60.43,64.6408,63.88,68.16232,65.0,68.98985,4.3054123
01746.jpg,66.63,71.515686,65.0,67.16943,70.38,70.60714,61.75,69.569916,69.71,70.992294,63.25,72.844696,4.885689
10213.jpg,37.0,42.335278,65.0,63.45409,69.0,61.60129,63.57,57.998306,57.71,41.18863,24.43,29.610735,5.3352776
07736.jpg,73.2,70.055824,64.4,64.24959,71.4,65.39054,69.0,65.11663,75.2,70.15219,76.6,74.12132,3.1441727
02932.jpg,85.33,76.39303,80.88,73.82938,83.47,74.915535,80.53,74.079445,79.69,75.46982,82.73,79.57246,8.936974
06439.jpg,50.5,66.32734,62.0,62.85364,59.63,69.36593,54.75,64.81898,49.13,68.279015,49.38,68.28627,15.827339
00444.jpg,76.13,74.95129,79.75,75.128136,78.71,76.32612,74.38,75.05257,66.5,72.317116,75.13,75.30476,1.1787109
01894.jpg,68.44,58.474762,72.67,59.256298,74.56,63.32606,74.0,60.136158,67.78,56.34951,69.0,56.476654,9.9652405
05095.jpg,7.09,10.1349945,15.27,20.284796,34.45,25.196198,12.91,18.393745,23.75,19.549656,3.9100003,7.9392047,3.0449944
04693.jpg,75.29,66.80399,60.000004,64.913956,74.0,69.95128,65.0,64.178085,76.43,67.374306,74.29,68.24763,8.486008
00655.jpg,73.71,73.39182,66.57,70.067314,68.29,73.3903,69.71,71.082184,70.5,72.34456,70.86,74.51217,0.31817627
01136.jpg,50.800003,47.89215,48.2,57.672512,73.22,63.02417,63.56,57.013275,42.4,47.005436,39.7,39.272945,2.9078522
05150.jpg,49.2,69.0153,66.27,70.65979,67.09,77.26286,66.73,72.41098,56.4,71.86408,25.100002,71.037346,19.815296
08979.jpg,37.1,49.293232,47.2,46.582256,66.22,57.317978,58.2,51.398502,45.0,45.69521,34.6,46.753,12.1932335
07821.jpg,68.0,76.80304,68.0,76.76549,72.13,77.53967,70.88,75.35939,70.13,78.82342,62.75,79.57951,8.80304
09490.jpg,35.4,45.345543,63.800003,67.255714,64.1,69.492065,53.890003,63.42661,42.7,52.06019,32.7,32.01576,9.945541
02140.jpg,30.54,26.263596,46.36,48.724754,52.709995,51.215183,43.29,44.725636,42.71,32.556767,16.54,16.241732,4.2764053
04329.jpg,50.36,67.391365,54.36,67.46785,53.2,71.91836,58.0,69.13818,50.300003,66.78288,51.1,66.53799,17.031364
04354.jpg,54.39,54.369133,59.56,54.453087,61.12,62.646366,62.71,60.008144,44.76,53.996582,49.76,53.062103,0.020866394
10882.jpg,48.14,30.379625,46.14,36.631657,64.43,44.00181,54.43,41.01024,41.83,32.338024,44.29,21.611095,17.760374
01134.jpg,60.5,71.41972,51.13,56.755924,60.57,61.84941,66.14,62.237465,59.63,71.07894,58.749996,79.30816,10.9197235
04241.jpg,75.83,58.41984,67.73,61.558193,80.73,65.62976,72.82,61.507458,80.17,53.14599,76.33,48.788967,17.41016
06429.jpg,23.38,26.35309,25.0,31.582312,44.63,42.78197,34.5,37.83448,39.75,32.57221,16.88,20.99921,2.9730911
04777.jpg,83.89,67.51058,81.7,66.465454,80.89,70.8788,77.5,70.45095,77.2,64.29287,82.4,68.976746,16.379417
10740.jpg,48.71,63.57567,36.43,55.734802,54.140003,61.56219,38.29,60.888935,64.0,65.14272,47.57,68.95085,14.865669
09516.jpg,82.0,72.468315,79.6,74.45051,81.5,77.60252,80.2,75.0687,77.8,71.97948,81.8,74.13406,9.531685
04984.jpg,49.13,53.903015,60.63,59.605717,66.63,65.78428,60.5,61.423832,49.88,52.7808,40.5,49.067963,4.773014
10360.jpg,43.8,32.30838,53.500004,48.640686,51.67,52.97614,48.67,46.00213,52.999996,33.06357,30.5,24.079617,11.491619
00791.jpg,77.83,65.85512,75.5,66.511314,81.33,67.64898,79.83,66.52405,69.83,63.406265,73.33,64.2596,11.974884
03106.jpg,78.14,75.56989,65.71,67.65877,79.0,78.007324,75.86,73.14823,77.86,75.403595,81.29,82.59373,2.5701065
00691.jpg,46.57,42.134842,51.57,60.03573,57.83,62.4911,52.289997,58.161335,54.170002,46.188606,25.43,31.453667,4.435158
05845.jpg,73.57,59.567844,72.29,55.87479,77.86,64.780266,68.0,60.334198,81.5,56.332928,76.43,59.38874,14.002155
07943.jpg,50.0,67.07744,62.0,64.92515,68.67,68.22187,61.33,64.36357,49.67,61.88169,41.17,65.84854,17.077438
08729.jpg,35.33,45.27331,51.56,64.41825,41.63,61.499275,41.88,57.97835,40.67,55.0309,28.440002,38.25562,9.94331
04083.jpg,79.73,85.1492,77.27,84.69971,78.58,83.35452,77.25,81.807335,73.5,84.55876,77.82,85.11738,5.419197
02322.jpg,76.82,71.03851,72.64,65.59576,74.36,70.41917,70.91,67.67127,68.83,67.68089,71.8,73.566055,5.7814865
05267.jpg,17.86,30.526716,14.86,35.41533,28.29,40.20802,17.71,35.654934,29.14,36.853264,18.71,28.00158,12.666716
10806.jpg,23.29,48.664505,47.71,56.749744,51.14,62.967533,43.86,56.239094,26.0,48.69204,18.0,41.441196,25.374504
